{"1":{"highArea":0.785897041593869,"lowArea":2.35913146896888,"noArea":0,"totalArea":25557.34617620075},"2":{"highArea":0.392949488470365,"lowArea":1.1788767171359937,"noArea":0,"totalArea":12505.10681324439},"3":{"highArea":0.19647553688083633,"lowArea":0.5894343955805622,"noArea":0,"totalArea":7043.781549033524},"4":{"highArea":0.49567853227799696,"lowArea":1.6974398266705881,"noArea":0,"totalArea":4132.082861615279},"5":{"highArea":0.4027144185357471,"lowArea":1.187287376960578,"noArea":0,"totalArea":13128.025929450974},"6":{"highArea":1.0899959399509855,"lowArea":2.8900172622543345,"noArea":0,"totalArea":542.890742297584},"7":{"highArea":5.796316750084453,"lowArea":9.610808856289024,"noArea":0.010833354588704077,"totalArea":167.61104225221513},"8":{"highArea":2.3374145108711786,"lowArea":4.971440192944681,"noArea":0.842092892817733,"totalArea":442.885028148205},"9":{"highArea":1.5889900437959787,"lowArea":4.143073745514774,"noArea":0.3153382026907535,"totalArea":294.90382574051984},"10":{"highArea":1.7343475272833517,"lowArea":4.7637848675002745,"noArea":1.025220493115909,"totalArea":876.488189260688},"11":{"highArea":0.5923851351776609,"lowArea":1.7713038178023053,"noArea":0.4029327970691099,"totalArea":790.6594579360852},"12":{"highArea":0.5894056412548659,"lowArea":1.7683301875600026,"noArea":0,"totalArea":1324.9840904465843},"13":{"highArea":0.5909999321638807,"lowArea":1.7304347640208395,"noArea":0,"totalArea":717.9641326635975},"14":{"highArea":1.1801825102007915,"lowArea":3.2824856861700034,"noArea":0.02095865560029912,"totalArea":459.8675362406221},"15":{"highArea":2.201620192852565,"lowArea":6.025611397520127,"noArea":9.429972184796005,"totalArea":91.78459539565571},"16":{"highArea":1.5760532844848145,"lowArea":4.97531800763311,"noArea":0,"totalArea":451.3082000290903},"17":{"highArea":8.893199818225158,"lowArea":6.959953913174847,"noArea":6.978318847705513,"totalArea":25.63596375483848},"18":{"highArea":2.155036620335363,"lowArea":5.027128830024719,"noArea":16.72023613409579,"totalArea":81.80044660015975},"19":{"highArea":6.403169006559149,"lowArea":6.558352408297891,"noArea":10.849703133293326,"totalArea":37.51483419759696},"20":{"highArea":1.481579554510328,"lowArea":4.114344609469199,"noArea":8.825526111326134,"totalArea":273.11090487698414},"21":{"highArea":0.19647307974372552,"lowArea":0.5894269692407732,"noArea":0,"totalArea":2826.7662818343},"22":{"highArea":2.8457824233703204,"lowArea":8.008079446272792,"noArea":2.216642600350412,"totalArea":134.40171297841846},"23":{"highArea":0,"lowArea":0,"noArea":0,"totalArea":4101.546289788676},"24":{"highArea":3.7649377268226085,"lowArea":7.7234200742623775,"noArea":3.3959477467480372,"totalArea":407.104359067853},"25":{"highArea":5.502772755098468,"lowArea":8.956663504173164,"noArea":5.466349386541163,"totalArea":575.5838822782298},"26":{"highArea":0,"lowArea":0,"noArea":0,"totalArea":15086.0352613421},"27":{"highArea":3.1882422434718767,"lowArea":5.831806434222124,"noArea":6.087770210300441,"totalArea":62.553276758108304},"28":{"highArea":2.1415459254915827,"lowArea":4.296352617459483,"noArea":3.433858105579491,"totalArea":138.4149532981072},"29":{"highArea":0.9937386994751571,"lowArea":2.3501389883490362,"noArea":0.529338512719604,"totalArea":871.9186925662699},"30":{"highArea":0.8469738937353201,"lowArea":2.419566024429115,"noArea":0,"totalArea":4784.084189172064},"31":{"highArea":0.1964664874214267,"lowArea":0.5894583192313299,"noArea":0,"totalArea":3006.071378138918},"32":{"highArea":0.5894142806432828,"lowArea":2.017916251631297,"noArea":0,"totalArea":3272.485499207292},"33":{"highArea":0.5894134312128818,"lowArea":1.768328008436341,"noArea":0,"totalArea":18300.959027399495},"34":{"highArea":0.19647072543013092,"lowArea":0.33986360347091465,"noArea":0,"totalArea":4167.000172669439},"35":{"highArea":0.9285273781479427,"lowArea":2.6129209361837966,"noArea":0,"totalArea":4263.667087161513},"36":{"highArea":0.589412703597202,"lowArea":1.7683251839271856,"noArea":0,"totalArea":2789.335421867701},"37":{"highArea":0.9750050475021654,"lowArea":2.5749248674881815,"noArea":1.574088708943744,"totalArea":3336.074682950705},"38":{"highArea":0.799049459024166,"lowArea":2.5230494533753833,"noArea":0,"totalArea":407.3015638078256},"39":{"highArea":0.5328392004106041,"lowArea":1.610518080991121,"noArea":2.3151780313716945,"totalArea":153.79379309607788},"40":{"highArea":0.19647105166343093,"lowArea":0.5894318467574062,"noArea":0,"totalArea":359.2081339069735},"41":{"highArea":2.014357017173288,"lowArea":5.620823535262535,"noArea":2.5436949209686026,"totalArea":506.4394829551381},"42":{"highArea":0.19646722495706,"lowArea":0.5894409863539201,"noArea":0,"totalArea":1850.2760213864185},"43":{"highArea":1.2503771555325454,"lowArea":3.496419251615371,"noArea":2.6671901140657868,"totalArea":163.5913856264411},"44":{"highArea":0.6453788890931417,"lowArea":1.824383003489486,"noArea":0.6982463018192119,"totalArea":292.19258550680155},"45":{"highArea":0.3932614160669156,"lowArea":1.027154763916179,"noArea":2.4385160648574455,"totalArea":97.76255028482376},"46":{"highArea":0.4586865368972473,"lowArea":1.4081917718760182,"noArea":3.1643009266289557,"totalArea":48.82717246393413},"47":{"highArea":0.6007591113638382,"lowArea":1.7797042316717273,"noArea":0,"totalArea":133.4884723585396},"48":{"highArea":1.3445579740613385,"lowArea":3.953597022167328,"noArea":2.6303016649808217,"totalArea":85.65894339942483},"49":{"highArea":0.28052231319703275,"lowArea":1.1200639024345724,"noArea":2.0470655296618574,"totalArea":55.83650460379294},"50":{"highArea":1.1655460180790411,"lowArea":2.9394150338688694,"noArea":13.714195564479521,"totalArea":224.08905975574103},"51":{"highArea":2.0284636998411845,"lowArea":4.576958832613124,"noArea":8.96715470516126,"totalArea":38.9947400095203},"52":{"highArea":0.9370335098637014,"lowArea":2.551054601716803,"noArea":1.0862735517729472,"totalArea":120.60847108564717},"53":{"highArea":2.6845627304947617,"lowArea":5.660109774629897,"noArea":7.253333730510733,"totalArea":27.66712233309335},"54":{"highArea":1.6758544073328696,"lowArea":4.355617322769405,"noArea":8.937767505662531,"totalArea":41.95973223248097},"55":{"highArea":0.19647613876770662,"lowArea":0.5894440375556182,"noArea":1.9906805839025643,"totalArea":159.76205315080938},"56":{"highArea":0,"lowArea":0,"noArea":0,"totalArea":9020.316156138773},"57":{"highArea":0.19646054421588874,"lowArea":0.6868707529748372,"noArea":0.7908844969409029,"totalArea":92.89121303087262},"58":{"highArea":0.7729036316750413,"lowArea":2.162273838015506,"noArea":2.5390391694777983,"totalArea":58.195247871099745},"59":{"highArea":2.1148757637120106,"lowArea":4.40489430836175,"noArea":8.161009751301163,"totalArea":25.433835759195595},"60":{"highArea":0.7858916025970875,"lowArea":2.35777896854887,"noArea":0.13447330070845837,"totalArea":175.9602693756648},"61":{"highArea":0.9873382643304103,"lowArea":2.952224153703286,"noArea":0.25654580398697474,"totalArea":218.46792901689184},"62":{"highArea":1.3797202839506233,"lowArea":3.4681055432440604,"noArea":4.026254392711492,"totalArea":52.51267967777663},"63":{"highArea":0.19648243376548252,"lowArea":0.6175208612986843,"noArea":3.305027649031932,"totalArea":37.743946183235416},"64":{"highArea":1.4838741445182244,"lowArea":4.126885360710437,"noArea":4.968350991161304,"totalArea":57.423370824791235},"65":{"highArea":0.41139314131984167,"lowArea":1.1873368747512978,"noArea":0.3177771589120283,"totalArea":57.503266418116986},"66":{"highArea":0.09942258485672564,"lowArea":0.4309901208779413,"noArea":1.559753083200639,"totalArea":70.59724767597471},"67":{"highArea":0,"lowArea":0,"noArea":0,"totalArea":575.6087768767544},"68":{"highArea":0.9795485309262041,"lowArea":2.7139953993091512,"noArea":1.054543296948275,"totalArea":188.21430931915955},"69":{"highArea":0.28807594237078377,"lowArea":0.916828474871276,"noArea":2.2490659833145745,"totalArea":43.49430511507104},"70":{"highArea":1.892107132334675,