{"1":{"highArea":2.106468149970374,"lowArea":5.976697884392632,"noArea":0,"totalArea":27598.40817275668},"2":{"highArea":1.8343714147869616,"lowArea":5.279582600597811,"noArea":1.025220493115909,"totalArea":14613.809125666121},"3":{"highArea":1.585830684480205,"lowArea":5.035992966569975,"noArea":0,"totalArea":3156.791060173654},"4":{"highArea":0.9321795615679492,"lowArea":2.580855253951249,"noArea":0.49030631555829574,"totalArea":8653.58700131614},"5":{"highArea":1.112980815551899,"lowArea":3.2974854736478356,"noArea":0,"totalArea":1544.557781336698},"6":{"highArea":8.403848036907505,"lowArea":15.20752137651469,"noArea":0.6779586043836171,"totalArea":283.03997166873836},"7":{"highArea":2.551394029001959,"lowArea":7.451499515032462,"noArea":0.4238887645592798,"totalArea":1035.105489996324},"8":{"highArea":0.6262501369078124,"lowArea":1.5000714114303908,"noArea":0,"totalArea":26102.010267762034},"9":{"highArea":4.270329541798197,"lowArea":10.834776370389644,"noArea":25.8550926209294,"totalArea":209.1103614947512},"10":{"highArea":6.935005513953754,"lowArea":13.211595619090081,"noArea":15.361541794384111,"totalArea":307.78624801677444},"11":{"highArea":15.1986428347969,"lowArea":13.323980570049212,"noArea":17.744102146928444,"totalArea":62.53545989860887},"12":{"highArea":0.5894147422369882,"lowArea":1.7683181021253123,"noArea":0,"totalArea":8358.22324286381},"13":{"highArea":6.7084085421248405,"lowArea":15.925767286118196,"noArea":5.696278010116391,"totalArea":554.4701285375457},"14":{"highArea":0.7858807680647094,"lowArea":2.4691729992724745,"noArea":0,"totalArea":4618.439675842732},"15":{"highArea":5.627302271704581,"lowArea":10.397140334908883,"noArea":7.879933368705676,"totalArea":517.3082853201596},"16":{"highArea":0.58941810258389,"lowArea":1.6569496685431255,"noArea":0,"totalArea":26435.069227563363},"17":{"highArea":2.0717772178132092,"lowArea":5.6713086633156005,"noArea":1.3968430075572402,"totalArea":7018.332413055696},"18":{"highArea":1.1169578885698752,"lowArea":3.2006899112916116,"noArea":5.011413614747863,"totalArea":112.3622310370297},"19":{"highArea":1.7428458469590045,"lowArea":4.719783380854083,"noArea":2.272335010762956,"totalArea":4327.694643352994},"20":{"highArea":1.5377926212275397,"lowArea":4.33075883338853,"noArea":1.0862735517729472,"totalArea":254.09694344415186},"21":{"highArea":1.2726691791520732,"lowArea":3.8233318869176296,"noArea":0,"totalArea":2235.548978545322},"22":{"highArea":1.482429571500992,"lowArea":4.642752467507445,"noArea":4.9766717773866285,"totalArea":130.99041066380283},"23":{"highArea":0.19647105166343093,"lowArea":0.5894318467574062,"noArea":0,"totalArea":1566.5118094411891},"24":{"highArea":4.651635901910687,"lowArea":10.290689308382927,"noArea":14.408875313346146,"totalArea":61.28085650680282},"25":{"highArea":2.659290820144445,"lowArea":7.6303610280886325,"noArea":5.185626961773679,"totalArea":906.9283980837199},"26":{"highArea":2.206875392037156,"lowArea":5.483488204915888,"noArea":18.078854816418403,"totalArea":305.4579153338674},"27":{"highArea":0.9221707783605139,"lowArea":2.694296462197751,"noArea":2.5175335238148264,"totalArea":618.1193033628182},"28":{"highArea":0.19646722495706,"lowArea":0.5894409863539201,"noArea":0,"totalArea":6476.434038811058},"29":{"highArea":0.505426846265848,"lowArea":1.5395270949030824,"noArea":2.302877176634604,"totalArea":215.02858741924314},"30":{"highArea":4.164048255714044,"lowArea":8.827795721629343,"noArea":16.875217358196196,"totalArea":67.80463988808089},"31":{"highArea":1.773229866927498,"lowArea":5.310003122252156,"noArea":0.3910191046954331,"totalArea":394.4281983925638},"32":{"highArea":1.0718067746148499,"lowArea":3.0964253857031983,"noArea":2.6388557706073326,"totalArea":141.91306232562403},"33":{"highArea":2.490764889390748,"lowArea":6.089061572849627,"noArea":10.376554625915393,"totalArea":88.25772209278547},"34":{"highArea":0.29932540230301974,"lowArea":0.9068027039671104,"noArea":5.627714346510731,"totalArea":121.36859365278363},"35":{"highArea":1.830246407089752,"lowArea":5.619587997813796,"noArea":6.605108947289484,"totalArea":117.79669052187693},"36":{"highArea":3.2301038493744296,"lowArea":8.666733362327934,"noArea":1.8616346905957146,"totalArea":653.1306817669481},"37":{"highArea":1.1556027639209594,"lowArea":3.1292572406106105,"noArea":4.157963231430292,"totalArea":309.05221735968644},"38":{"highArea":3.354744196201093,"lowArea":8.968176112432118,"noArea":0.19883508830853222,"totalArea":2758.276747490148},"39":{"highArea":5.0980683839108325,"lowArea":9.559171313806111,"noArea":7.7030837929945335,"totalArea":258.8000696341633},"40":{"highArea":3.618998908332952,"lowArea":8.851238213340286,"noArea":2.7697271936079177,"totalArea":5354.314476134106}}